{
  "server": {
    "NUM_ROUNDS": 7,
    "TOP_K_FEATURES": 52,
    "LOCAL_BOOST_ROUND": 4
  },
  "client": {
    "MAX_DEPTH": 6,
    "LEARNING_RATE": 0.0034121853980607526,
    "SUBSAMPLE": 0.6844362165219409,
    "COLSAMPLE_BYTREE": 0.8442737690144526,
    "REG_LAMBDA": 0.44155959814078155,
    "MAX_LOCAL_ROUNDS": 101,
    "ES_ROUNDS": 28,
    "N_ESTIMATORS": 226
  }
}