{
  "server": {
    "NUM_ROUNDS": 7,
    "TOP_K_FEATURES": 32,
    "LOCAL_BOOST_ROUND": 3
  },
  "client": {
    "MAX_DEPTH": 3,
    "LEARNING_RATE": 0.10712573851854998,
    "SUBSAMPLE": 0.8802968327081968,
    "COLSAMPLE_BYTREE": 0.5084802475816991,
    "REG_LAMBDA": 0.004821493329719909,
    "MAX_LOCAL_ROUNDS": 43,
    "ES_ROUNDS": 25,
    "N_ESTIMATORS": 175
  }
}