{
  "server": {
    "NUM_ROUNDS": 20,
    "TOP_K_FEATURES": 72,
    "LOCAL_BOOST_ROUND": 3
  },
  "client": {
    "MAX_DEPTH": 9,
    "LEARNING_RATE": 0.002522956170761745,
    "SUBSAMPLE": 0.5025957602480184,
    "COLSAMPLE_BYTREE": 0.6731307481495966,
    "REG_LAMBDA": 0.2858632385386581,
    "MAX_LOCAL_ROUNDS": 154,
    "ES_ROUNDS": 19,
    "N_ESTIMATORS": 347
  }
}