{
  "mean": [
    531.4200439453125,
    7022.86376953125,
    2559.92138671875,
    54.64625549316406,
    128.86671447753906,
    50.898414611816406,
    53.702449798583984,
    14.451008796691895,
    14.438040733337402,
    14.435158729553223,
    22.02737808227539,
    7.21037483215332,
    14.451008796691895,
    59.10410690307617,
    15.694524765014648,
    0.670028805732727,
    685.6123657226562,
    4920.7783203125,
    18.88184356689453,
    15298.703125,
    10.125360488891602,
    542.9524536132812,
    4579.58203125,
    24950.69921875,
    89.39481353759766,
    30.665706634521484,
    95.8249282836914,
    3.8265552520751953,
    -0.008045804686844349,
    5.848679542541504,
    5740.96044921875,
    641.3270874023438,
    642.4913330078125,
    9.587896347045898,
    129.7939453125,
    73.57201385498047,
    71.44164276123047,
    51.541786193847656,
    0.0023542812559753656,
    57.19596481323242,
    61.625,
    71.44164276123047,
    82.0208969116211,
    93.14077758789062,
    78.25215911865234,
    0.022401172667741776,
    14.760992050170898,
    1.630829095840454,
    0.00034164483076892793,
    2.25028395652771,
    215.0989990234375,
    569.1556396484375,
    697.6080932617188,
    1.3832852840423584,
    21.233428955078125,
    14.439181327819824,
    14.442362785339355,
    7.70028829574585,
    146.68011474609375,
    0.21059150993824005,
    11.51974105834961,
    12.977665901184082,
    14.442362785339355,
    15.931916236877441,
    17.288328170776367,
    13.541787147521973,
    -8.053226338233799e-05,
    2.277491569519043,
    0.9510086178779602,
    6.55759859085083,
    -3.206054316251539e-05,
    10.465133666992188,
    1480.994140625,
    356.6822814941406,
    465.1268005371094,
    12.374639511108398,
    90.3897705078125,
    30.899337768554688,
    25.677953720092773,
    3.6188759803771973,
    123.52017211914062,
    0.2671060264110565,
    9.608357429504395,
    14.436959266662598,
    25.677953720092773,
    43.96523666381836,
    60.824134826660156,
    86.71614074707031,
    0.08312980085611343,
    20.429737091064453,
    0.9279538989067078
  ],
  "std": [
    412.6596984863281,
    4678.57958984375,
    517.4512939453125,
    7.712914943695068,
    21.092493057250977,
    7.3443098068237305,
    7.726204872131348,
    1.6845347881317139,
    1.6766045093536377,
    1.175262689590454,
    1.436694860458374,
    0.8566449284553528,
    1.6845347881317139,
    8.508834838867188,
    6.281203269958496,
    0.9153168201446533,
    835.3031616210938,
    1484.011962890625,
    1.7852305173873901,
    3889.17626953125,
    1.8555911779403687,
    1675.6221923828125,
    2117.59765625,
    4960.228515625,
    389.9064025878906,
    8.095516204833984,
    4.259584903717041,
    0.6534554958343506,
    0.08891888707876205,
    0.9057525992393494,
    1467.2403564453125,
    140.09788513183594,
    139.7437744140625,
    3.6054790019989014,
    22.313831329345703,
    9.453094482421875,
    10.242265701293945,
    8.019454956054688,
    0.003946262877434492,
    8.927446365356445,
    9.346735000610352,
    10.242265701293945,
    11.162367820739746,
    12.406912803649902,
    23.090438842773438,
    0.09802818298339844,
    4.5684685707092285,
    0.179035484790802,
    0.009470772929489613,
    0.196608766913414,
    34.86521530151367,
    97.01508331298828,
    97.22407531738281,
    0.5015050768852234,
    1.5869081020355225,
    1.156445860862732,
    1.289893388748169,
    0.9217668175697327,
    102.36278533935547,
    0.14457502961158752,
    1.0696760416030884,
    1.1693146228790283,
    1.289893388748169,
    1.334450125694275,
    1.3419067859649658,
    1.6495078802108765,
    0.005723309703171253,
    0.29868972301483154,
    0.21584995090961456,
    1.3532048463821411,
    0.1047738641500473,
    1.8773202896118164,
    767.0140991210938,
    61.06973648071289,
    64.75598907470703,
    6.302799224853516,
    8.825788497924805,
    8.757583618164062,
    10.140992164611816,
    4.042629718780518,
    69.62661743164062,
    0.14791788160800934,
    6.1213698387146,
    7.030984401702881,
    10.140992164611816,
    15.812604904174805,
    16.060712814331055,
    9.659370422363281,
    0.09128005802631378,
    5.714999198913574,
    0.2585642337799072
  ]
}