{
  "y_mean": 76.04615384615384,
  "y_std": 15.149302502953145
}