{
  "y_mean": 74.92219020172911,
  "y_std": 16.119858976314642
}