{
  "mean": [
    519.876220703125,
    7314.23291015625,
    2531.452392578125,
    54.28181838989258,
    128.82867431640625,
    50.592308044433594,
    53.411888122558594,
    14.299301147460938,
    14.278321266174316,
    14.432168006896973,
    21.93426513671875,
    7.222377777099609,
    14.299301147460938,
    58.8118896484375,
    15.673426628112793,
    0.5527971982955933,
    553.2587280273438,
    4910.66455078125,
    18.653146743774414,
    15362.0771484375,
    10.191608428955078,
    516.3482666015625,
    4708.384765625,
    25085.1484375,
    86.18181610107422,
    30.57132911682129,
    95.61748504638672,
    3.806001901626587,
    -0.005201282911002636,
    5.809783935546875,
    5724.98876953125,
    644.4237670898438,
    645.5538330078125,
    9.605594635009766,
    129.82237243652344,
    73.46794891357422,
    71.3741226196289,
    51.244754791259766,
    0.002207058947533369,
    57.00293731689453,
    61.5178337097168,
    71.3741226196289,
    81.92657470703125,
    93.01188659667969,
    78.57762145996094,
    0.02590189315378666,
    14.783967971801758,
    1.607954502105713,
    0.00022738736879546195,
    2.2288525104522705,
    213.7251739501953,
    567.8734130859375,
    699.4601440429688,
    1.3216782808303833,
    21.18601417541504,
    14.39467716217041,
    14.386013984680176,
    7.724475383758545,
    148.1986083984375,
    0.21242491900920868,
    11.55958080291748,
    12.97552490234375,
    14.386013984680176,
    15.834615707397461,
    17.185874938964844,
    13.462237358093262,
    4.90147722302936e-05,
    2.2349817752838135,
    0.9496503472328186,
    6.589801788330078,
    0.0002983221784234047,
    10.49559211730957,
    1485.90283203125,
    356.65594482421875,
    466.35662841796875,
    12.572028160095215,
    90.47622680664062,
    30.941490173339844,
    25.724475860595703,
    3.5741257667541504,
    123.7608413696289,
    0.267380028963089,
    9.390069961547852,
    14.312936782836914,
    25.724475860595703,
    44.14020919799805,
    61.19496536254883,
    86.83706665039062,
    0.08430275321006775,
    20.583560943603516,
    0.9286713004112244
  ],
  "std": [
    409.2231750488281,
    4845.154296875,
    521.9026489257812,
    7.903921604156494,
    20.925216674804688,
    7.4808759689331055,
    7.853105068206787,
    1.7137656211853027,
    1.714444637298584,
    1.208050012588501,
    1.522746205329895,
    0.8409467935562134,
    1.7137656211853027,
    8.682769775390625,
    6.200326442718506,
    0.7696783542633057,
    600.3794555664062,
    1452.5855712890625,
    1.8576924800872803,
    3763.06201171875,
    1.8006408214569092,
    1653.027099609375,
    2109.928466796875,
    4794.8798828125,
    379.6580505371094,
    7.953743934631348,
    4.397175312042236,
    0.6410591006278992,
    0.04494709149003029,
    0.8863568902015686,
    1458.0084228515625,
    133.26321411132812,
    132.86669921875,
    3.539048433303833,
    22.086746215820312,
    9.40821361541748,
    10.13618278503418,
    8.100605964660645,
    0.0033373013138771057,
    8.990842819213867,
    9.395381927490234,
    10.13618278503418,
    10.987199783325195,
    12.228767395019531,
    22.623350143432617,
    0.05346675217151642,
    4.5131988525390625,
    0.18036888539791107,
    0.009428001940250397,
    0.20194917917251587,
    36.04837417602539,
    94.18500518798828,
    90.83129119873047,
    0.47084805369377136,
    1.600594401359558,
    1.2033836841583252,
    1.3301033973693848,
    0.9135512113571167,
    98.98727416992188,
    0.13942468166351318,
    1.052656888961792,
    1.1748064756393433,
    1.3301033973693848,
    1.405536413192749,
    1.405148983001709,
    1.6586203575134277,
    0.00548156164586544,
    0.28103917837142944,
    0.21866540610790253,
    1.3490594625473022,
    0.10448458790779114,
    1.8507400751113892,
    752.90966796875,
    59.384185791015625,
    60.4865608215332,
    6.2996602058410645,
    8.07487678527832,
    8.582839012145996,
    10.04971694946289,
    4.00586462020874,
    67.38504791259766,
    0.1430721879005432,
    6.0599799156188965,
    7.005836486816406,
    10.04971694946289,
    15.527572631835938,
    15.503070831298828,
    8.937018394470215,
    0.0906601995229721,
    5.566320896148682,
    0.25737306475639343
  ]
}