{
  "server": {
    "NUM_ROUNDS": 25,
    "TOP_K_FEATURES": 12,
    "LOCAL_BOOST_ROUND": 1
  },
  "client": {
    "MAX_DEPTH": 5,
    "LEARNING_RATE": 0.014824653639102719,
    "SUBSAMPLE": 0.8832761598126788,
    "COLSAMPLE_BYTREE": 0.9009849778259587,
    "REG_LAMBDA": 0.0036873788291012107,
    "MAX_LOCAL_ROUNDS": 89,
    "ES_ROUNDS": 28,
    "N_ESTIMATORS": 194
  }
}