{
  "server": {
    "NUM_ROUNDS": 118,
    "TOP_K_FEATURES": 39
  },
  "client": {
    "MODEL_TYPE": "mlp",
    "LOCAL_EPOCHS": 1,
    "BATCH_SIZE": 16,
    "LR": 0.0006227096731372952,
    "WEIGHT_DECAY": 0.00030457842752558905,
    "DROPOUT": 0.3516229788661295
  }
}