{
  "server": {
    "NUM_ROUNDS": 168,
    "TOP_K_FEATURES": 27
  },
  "client": {
    "MODEL_TYPE": "mlp",
    "LOCAL_EPOCHS": 6,
    "BATCH_SIZE": 32,
    "LR": 0.00045948025973660973,
    "WEIGHT_DECAY": 7.087570102119707e-05,
    "DROPOUT": 0.4185605522244527,
    "BETA": 0.14556839118310858,
    "ES_ENABLED": true,
    "ES_VAL_FRAC": 0.17617004857186694,
    "ES_MIN_EPOCHS": 3,
    "ES_PATIENCE": 4,
    "ES_MIN_DELTA": 0.0014255120536678894,
    "ES_RESTORE_BEST": false
  }
}